Calendario ajustado - 35 partidos en 2 meses				
				
				
Semana	División	Partidos	Resultado	
1	Division 1	Giancarlo R. vs Arturo S.		
1	Division 1	Ivan R. vs Marvin F.		
1	Division 2	Marcelo D. vs Andres M.		
1	Division 2	Ian Q. vs Jose J.		
2	Division 3	Joseph B. vs Mirna		
2	Division 3	Diego Q. vs Jhonatan m.		
2	Division 3	Alfred A. vs Christofer A.		
2	Division 1	Cristian M. vs Arturo S.		
2	Division 1	Giancarlo R. vs Ivan R.		
3	Division 2	Palma R. vs Andres M.		
3	Division 2	Marcelo D. vs Ian Q.		
3	Division 3	Joseph B. vs Jhonatan m.		
3	Division 3	Mirna vs Christofer A.		
3	Division 3	Diego Q. vs Alfred A.		
4	Division 1	Cristian M. vs Marvin F.		
4	Division 1	Arturo S. vs Ivan R.		
4	Division 2	Palma R. vs Jose J.		
4	Division 2	Andres M. vs Ian Q.		
5	Division 3	Joseph B. vs Christofer A.		
5	Division 3	Jhonatan m. vs Alfred A.		
5	Division 3	Mirna vs Diego Q.		
5	Division 1	Cristian M. vs Ivan R.		
5	Division 1	Marvin F. vs Giancarlo R.		
6	Division 2	Palma R. vs Ian Q.		
6	Division 2	Jose J. vs Marcelo D.		
6	Division 3	Joseph B. vs Alfred A.		
6	Division 3	Christofer A. vs Diego Q.		
6	Division 3	Jhonatan m. vs Mirna		
7	Division 1	Cristian M. vs Giancarlo R.		
7	Division 1	Marvin F. vs Arturo S.		
7	Division 2	Palma R. vs Marcelo D.		
7	Division 2	Jose J. vs Andres M.		
8	Division 3	Joseph B. vs Diego Q.		
8	Division 3	Alfred A. vs Mirna		
8	Division 3	Christofer A. vs Jhonatan m.		
				
				
Resumen de carga semanal				
Semana	Partidos	División 1	División 2	División 3
1	4	2	2	0
2	5	2	0	3
3	5	0	2	3
4	4	2	2	0
5	5	2	0	3
6	5	0	2	3
7	4	2	2	0
8	3	0	0	3